{
    "Film & Video": 5460.824759298666,
    "Music": 3220.6244943949546,
    "Publishing": 2605.940475247011,
    "Games": 16303.936717947228,
    "Technology": 15454.069587951746,
    "Design": 17031.366616228854,
    "Art": 2534.0571100770703,
    "Food": 4209.469020404846,
    "Fashion": 4279.050129733506,
    "Theater": 3554.065557591864,
    "Comics": 5344.01685922912,
    "Photography": 2799.157131459323,
    "Crafts": 1179.1906186854346,
    "Journalism": 2156.174919032599,
    "Dance": 2962.3085483014856
}